foto,modello,prezzo
casco 1.jpg,Evolution Solid Colors-Casco-satin-black,€ 49.99
casco 2.jpg,Meta Solid Color-Casco-satin-black,€ 59.99
casco 3.jpg,Skate/BMX Solid Color-Casco-injected black,€ 34.99 
casco 4.jpg,Evolution Solid Colors-Casco-satin dark black,€ 49.95
casco 5.jpg,Evolution Women Solid Color-Casco-satin mint,€ 49.99
casco 6.jpg,Evolution Graphic Design-Casco-stickerbomb,€ 69.99 
casco 7.jpg,>Evolution Graphic Design-Casco-firecracker,€ 69.99
casco 8.jpg,Evolution Kids Solid Color-Casco-satin-black,€ 44.99 
casco 9.jpg,Evolution Special Makeup-Casco-clear-white, € 69.99
casco 10.jpg,Meta Solid Color-Casco-satin blue tint, € 59.99 
casco 11.jpg,Evolution Solid Colors-Casco-satin oxblood,€ 49.99
casco 12.jpg,Evolution Graphic Design-Casco-mr tsg,€ 69.99
casco 13.jpg,Nipper Maxi Graphic Design Kids-Casco-panda,€ 54.99
casco 14.jpg,Evolution Graphic Design-Casco-ride-or-dye,€ 69.99
casco 15.jpg,Meta Graphic Design-Casco-lollipop,€ 64.95